model_name,country,year,parameter_count,hardware,gpu_count,training_duration,id
Timbre Transfer,Italy,2023,,,,,1
Polyffusion,"UAE, Singapore, China",2023,,,,,2
Mono-to-Stereo,Spain,2023,34500000.0,,,,3
VampNet,USA,2023,,GPU memory budget of 72GB,,,4
Sampling Transformer,"Austria, France",2023,,,,,5
Composer Assistant,USA,2023,,,,,6
Scoreperformer,"Russia, Germany",2023,,,,,7
LPC Synth,UK,2023,700000.0,Ubuntu 20.04 LTS machine with an i5-4790k processor and an NVIDIA GeForce RTX 3070 GPU,,,8
Text-to-Lyrics,Japan,2023,,,,,9
Music Translation,Israel,2022,,,,,10
DDSP Vocoder,"Taiwan, USA",2022,500000.0,NVIDIA GeForce RTX 3090 GPU,1.0,63.0,11
Phrase Length,Japan,2022,,,,,12
Loop GAN,Taiwan,2022,,NVIDIA V100 GPU,1.0,48.0,13
Lyric Rhythm,China,2022,,NVIDIA Tesla V100 SXM2 32GB GPU,1.0,11.5,14
Sketching Expression,South Korea,2022,,,,,15
Jukedrummer,"China, Taiwan",2022,25000000.0,NVIDIA GeForce GTX 1080 Ti GPU,1.0,48.0,16
Accomontage2,"China, Singapore, UAE",2022,,,,,17
DrumFill,"India, USA",2022,,,,,18
LoopGen,USA,2022,,,,,19
Musika,Austria,2022,,NVIDIA RTX 2080 Ti GPU,1.0,23.0,20
Symphony PILM,"China, UK",2022,,NVIDIA GeForce RTX 2080 Ti GPUs,8.0,,21
Spectrogram Diffusion,USA,2022,412000000.0,Google TPU v4s,64.0,356.0,22
DDX7,UK,2022,400000.0,,,,23
Meloform,China,2022,,,,,24
Sheet Images,USA,2022,,,,,25
Sentiment GAN,Brazil,2022,25000000.0,,,,26
Emotion Harmoniser,UK,2022,,,,,27
Melody Infilling,"Taiwan, China",2022,,,,,28
Domain CVAE,"Singapore, China, UAE",2022,12550000.0,NVIDIA GeForce RTX 2080 Ti GPU,1.0,15.0,29
Contextual Latent,Japan,2021,,,,,30
XLNet Infilling,Taiwan,2021,,,,,31
Hierarchical Melody,USA,2021,,,,,32
MINGUS,France,2021,,,,,33
Symbolic Diffusion,USA,2021,30000000.0,NVIDIA Tesla V100 GPU,1.0,13.0,34
DisentangleNet,USA,2021,,,,,35
SinTra,China,2021,,NVIDIA GeForce GTX Titan X,,,36
MuseBERT,China,2021,,,,,37
SurpriseNet,Taiwan,2021,,,,,38
LongTerm Music,China,2021,,,,,39
CollageNet,"China, USA",2021,,,,,40
AccoMontage,China,2021,,,,,41
Polyphonic Encoder,Finland,2020,,NVIDIA T4 Tensor Core GPU,1.0,3.25,42
Chord Jazzification,"Japan, Taiwan",2020,,,,,43
Interpretable Polyphonic,China,2020,,,,,44
Connective Fusion,Japan,2020,,,,,45
AttributesNet,"Japan, France",2020,,,,,46
BebopNet,Israel,2020,,NVIDIA Titan X GPU,,,47
Factorized Generator,USA,2020,,,,,48
Music FaderNets,Singapore,2020,,,,,49
Loop Combiner,"Taiwan, UK",2020,,,,,50
CONLON,"Italy, Netherlands",2020,,,,,51
NCAR Model,USA,2020,,,,,52
Timbre Painter,Israel,2020,5600000.0,,,,53
Jazz Transformer,Taiwan,2020,41000000.0,NVIDIA GTX 1080 Ti GPU,1.0,24.0,54
Latent Traverser,"USA, France",2019,,,,,55
Music Analogy,"China, USA",2019,,,,,56
BandNet,USA,2019,,,,,57
LakhNES,USA,2019,40000000.0,NVIDIA Titan X GPUs,4.0,20.0,58
Concept Control,Japan,2019,,,,,59
RNN Rendition,Japan,2019,,,,,60
Homophonic Style,China,2018,,,,,61
StructureNet,UK,2018,,,,,62
Scattering Music,France,2018,,,,,63
Interval Model,"Austria, France",2018,,,,,64
RawAudio,USA,2018,,,,,65
Tree Arranger,Japan,2018,,,,,66
MIDI-VAE,Switzerland,2018,,NVIDIA GeForce GTX 1080 GPU,1.0,192.0,67
Binary GAN,Taiwan,2018,3700000.0,,,,68
Parsing Framework,"Switzerland, Germany, Canada",2018,,,,,69
Part-invariant,USA,2018,,,,,70
Sequence Variations,France,2017,,,,,71
Counterpoint,Canada,2017,,,,,72
MidiNet,Taiwan,2017,,,,,73
Scale Rhythm,Japan,2017,,,,,74
LSTM Study,UK,2017,,,,,75
Bach LSTM,UK,2017,,,,,76
Service Melodies,USA,2017,,Nvidia Tesla K80,1.0,96.0,77
Song2Guitar,Japan,2017,,,,,78
Tonal Expectation,"Austria, Singapore",2017,,,,,79
Chord BLSTM,Korea,2017,,,,,80
TriAD,,2023,,NVIDIA V100 GPU,1.0,144.0,81
Duration Tokens,,2023,,NVIDIA V100 GPUs,,,82
IteraTTA,,2023,,,,,83
Notation Assembly,,2023,,Intel Core i7-7700K CPU,,,84
FreqTime Transformer,,2023,,NVIDIA A100 GPU,1.0,987.0,85
OMR General,,2023,,NVIDIA GeForce RTX 4090 GPU,,,86
WhisperGPT,,2023,,,,,87
Hierarchy Decoder,,2023,,NVIDIA GeForce GTX 1080 GPU,1.0,2.0,88
Speech SSL,,2023,,NVIDIA A100 GPUs,8.0,60.0,89
PESTO,,2023,,NVIDIA GeForce GTX 1080 Ti GPU,,,90
Audio Teachers,,2023,,,,,91
Harmonic Sensitivity,,2023,,NVIDIA RTX 2080 Ti GPUs,,,92
MAEST,,2023,,NVIDIA RTX 2080 Ti GPUs,4.0,79.0,93
MLP Mixer,,2023,,,,,94
Symbolic Eval,,2023,,NVIDIA A5000 GPU,,,95
Attention Embeddings,,2022,,NVIDIA Tesla V100 GPU,1.0,40.0,96
Beat Transformer,,2022,,NVIDIA RTX A5000 GPU,1.0,88.0,97
Stable Pitch,,2022,,NVIDIA Volta GPUs,2.0,48.0,98
Chorus Augmentation,,2022,,NVIDIA Tesla V100 SXM2 GPU,,,99
Audio Reps,,2022,,NVIDIA A100 GPUs,16.0,80.0,100
MIDI Score,,2022,,,,,101
Melody GPT,,2022,,NVIDIA K40 GPU,1.0,72.0,102
Piano Adaptation,,2022,,NVIDIA GeForce GTX 1080 Ti GPU,,,103
Checklist Fingering,,2022,,NVIDIA GeForce RTX 2080 Ti GPU,1.0,12.0,104
Robust Separation,,2022,,,,,105
EnsembleSet,,2022,,NVIDIA A100 GPUs,4.0,200.0,106
Contrastive Music,,2022,,,,,107
Diffusion Voice,,2022,,,,,108
HPPNet,,2022,,NVIDIA GeForce RTX 3060 GPU,1.0,48.0,109
Choral Separation,,2022,,NVIDIA RTX 2080 Ti GPUs,,,110
Spellchecker,,2022,,NVIDIA P100 GPUs,4.0,,111
Discogs Metadata,,2022,,NVIDIA GeForce RTX 2080 Ti GPUs,6.0,,112
Lyric wav2vec,,2022,,NVIDIA RTX A5000 GPUs,4.0,,113
